[{"content":"Hi there!","author":"sagar","likes":0},{"content":"Whatsup","author":"nitin","likes":0},{},{"content":"asdfasdfasdf","author":"adsf"},{"content":"react is awesome","author":"sagar"},{"content":"hiii","author":"sagar"},{"content":"hiii","author":"sagar"},{"content":"hiii","author":"sagar"},{"content":"hiii","author":"sagar"},{"content":"asdf","author":"sadf"},{"content":"hiiiiiii","author":"nitin"},{"content":"hiii","author":""},{"content":"hiiieee","author":"sagar"},{"content":"heeyyy","author":"Admin"},{"content":"hiiiii","author":"Admin"},{"content":"hiiiii","author":"Admin"},{"content":"hiiiii","author":"Admin"},{"content":"hiiiii","author":"Admin"},{"content":"hiiiii","author":"Admin"},{"content":"hiiiii","author":"Admin"},{"content":"hiiiii","author":"Admin"},{"content":"asdf","author":"Admin"},{"content":"asdf","author":"Admin"},{"content":"asdf","author":"Admin"},{"content":"asdf","author":"Admin"},{"content":"asdf","author":"Admin"},{"content":"asdfsadf","author":"Admin"},{"content":"welcome","author":"Admin"},{"content":"file storage react and backend","author":"sagar"},{"content":"with token","author":"sagar"}]